{"name":"root","area":32.470877319406036,"angle":0,"mergeid":"root","final":false,"children":[{"name":"rootL","area":14.316704999919843,"angle":0,"mergeid":"rootL","final":false,"children":[{"name":"rootLL","area":7.670652388738367,"angle":1.5707963267948966,"mergeid":"kitchen","final":true,"children":[],"connected":["rootRL"],"treeNodeMesh":{"Area":7.670652388738367,"Centroid":{"X":-1.4336945940559485,"Y":1.4695369589073266,"Z":0,"Mag":2.0530511592797303}}},{"name":"rootLR","area":6.646052611181474,"angle":1.5707963267948966,"mergeid":"bath","final":true,"children":[],"connected":["rootRR"],"treeNodeMesh":{"Area":6.646052611181474,"Centroid":{"X":1.6547225106395196,"Y":1.4695369589073266,"Z":0,"Mag":2.2130624620221973}}}],"connected":[],"treeNodeMesh":{"Area":14.316704999919843,"Centroid":{"X":0.11051395829178556,"Y":1.4695369589073266,"Z":0,"Mag":1.4736866045981118}}},{"name":"rootR","area":18.154172319486193,"angle":0,"mergeid":"rootR","final":false,"children":[{"name":"rootRL","area":9.726703544482783,"angle":1.5707963267948966,"mergeid":"living","final":true,"children":[],"connected":["rootRR","rootLL"],"treeNodeMesh":{"Area":9.726703544482783,"Centroid":{"X":-1.4336945940559485,"Y":-1.1589031301951955,"Z":0,"Mag":1.8435120434110195}}},{"name":"rootRR","area":8.42746877500341,"angle":1.5707963267948966,"mergeid":"bed","final":true,"children":[],"connected":["rootRL","rootLR"],"treeNodeMesh":{"Area":8.42746877500341,"Centroid":{"X":1.6547225106395196,"Y":-1.1589031301951955,"Z":0,"Mag":2.020188865525542}}}],"connected":[],"treeNodeMesh":{"Area":18.154172319486193,"Centroid":{"X":0.11051395829178556,"Y":-1.1589031301951955,"Z":0,"Mag":1.1641605560031403}}}],"connected":[],"treeNodeMesh":{"Area":32.470877319406036,"Centroid":{"X":0.11051395829178556,"Y":0.15531691435606554,"Z":0,"Mag":0.19062182157981786}}}
