{"name":"root","area":18.117393446496152,"angle":0,"mergeid":"root","final":false,"children":[{"name":"rootL","area":9.094221024123549,"angle":0,"mergeid":"living","final":true,"children":[],"connected":["rootRR"],"treeNodeMesh":{"Area":9.094221024123549,"Centroid":{"X":0,"Y":1.4980031732711794,"Z":0,"Mag":1.4980031732711794}}},{"name":"rootR","area":9.023172422372603,"angle":0,"mergeid":"rootR","final":false,"children":[{"name":"rootRL","area":3.6045571295639602,"angle":1.5707963267948966,"mergeid":"rootRL","final":false,"children":[{"name":"rootRLL","area":1.3718130808051854,"angle":0,"mergeid":"extra","final":true,"children":[],"connected":["rootRR"],"treeNodeMesh":{"Area":1.3718130808051854,"Centroid":{"X":-0.904306377565284,"Y":-0.5819014951289603,"Z":0,"Mag":1.0753508146361193}}},{"name":"rootRLR","area":2.232744048758775,"angle":0,"mergeid":"bath","final":true,"children":[],"connected":["rootRR"],"treeNodeMesh":{"Area":2.232744048758775,"Centroid":{"X":-0.904306377565284,"Y":-2.0799046684001397,"Z":0,"Mag":2.2679888567049753}}}],"connected":[],"treeNodeMesh":{"Area":3.6045571295639602,"Centroid":{"X":-0.904306377565284,"Y":-1.33090308176455,"Z":0,"Mag":1.6090596749516852}}},{"name":"rootRR","area":5.418615292808642,"angle":1.5707963267948966,"mergeid":"kitchen","final":true,"children":[],"connected":["rootRLR","rootL","rootRLL"],"treeNodeMesh":{"Area":5.418615292808642,"Centroid":{"X":0.6015603294238545,"Y":-1.5097984738481145,"Z":0,"Mag":1.6252280644791461}}}],"connected":[],"treeNodeMesh":{"Area":9.023172422372603,"Centroid":{"X":-0.4023508085689045,"Y":-1.3905348791257381,"Z":0,"Mag":1.4475750147129793}}}],"connected":[],"treeNodeMesh":{"Area":18.117393446496152,"Centroid":{"X":-0.30176310642667836,"Y":-0.6684003660265088,"Z":0,"Mag":0.7333621354451358}}}



